{"blocks":[{"x":700,"y":100,"text":"начало","width":100,"height":30,"type":"Начало / конец","isMenuBlock":false,"fontSize":14,"textHeight":14,"isBold":false,"isItalic":false,"textAlign":"center","labelsPosition":1},{"x":700,"y":180,"text":"n = 3","width":100,"height":40,"type":"Блок","isMenuBlock":false,"fontSize":14,"textHeight":14,"isBold":false,"isItalic":false,"textAlign":"center","labelsPosition":1},{"x":700,"y":270,"text":"n < 10","width":100,"height":40,"type":"Условие","isMenuBlock":false,"fontSize":14,"textHeight":14,"isBold":false,"isItalic":false,"textAlign":"center","labelsPosition":1},{"x":810,"y":330,"text":"i = 1\ncodes = [ ]","width":100,"height":40,"type":"Блок","isMenuBlock":false,"fontSize":14,"textHeight":14,"isBold":false,"isItalic":false,"textAlign":"center","labelsPosition":1},{"x":910,"y":520,"text":"code = i \nв двоичном виде\nдлины n\nis_cyclic = True\nj = 1","width":120,"height":80,"type":"Блок","isMenuBlock":false,"fontSize":14,"textHeight":14,"isBold":false,"isItalic":false,"textAlign":"center","labelsPosition":1},{"x":810,"y":410,"text":"i < 2^n","width":100,"height":40,"type":"Условие","isMenuBlock":false,"fontSize":14,"textHeight":14,"isBold":false,"isItalic":false,"textAlign":"center","labelsPosition":1},{"x":900,"y":870,"text":"codes.append(code)","width":140,"height":40,"type":"Блок","isMenuBlock":false,"fontSize":14,"textHeight":14,"isBold":false,"isItalic":false,"textAlign":"center","labelsPosition":1},{"x":770,"y":520,"text":"i += 1","width":100,"height":40,"type":"Блок","isMenuBlock":false,"fontSize":14,"textHeight":14,"isBold":false,"isItalic":false,"textAlign":"center","labelsPosition":1},{"x":670,"y":640,"text":"print(codes[n])","width":120,"height":40,"type":"Блок","isMenuBlock":false,"fontSize":14,"textHeight":14,"isBold":false,"isItalic":false,"textAlign":"center","labelsPosition":1},{"x":910,"y":620,"text":"j < n","width":100,"height":40,"type":"Условие","isMenuBlock":false,"fontSize":14,"textHeight":14,"isBold":false,"isItalic":false,"textAlign":"center","labelsPosition":1},{"x":1040,"y":760,"text":"code[j:] + code[:j] < code","width":200,"height":40,"type":"Условие","isMenuBlock":false,"fontSize":14,"textHeight":14,"isBold":false,"isItalic":false,"textAlign":"center","labelsPosition":1},{"x":910,"y":690,"text":"j += 1","width":100,"height":40,"type":"Блок","isMenuBlock":false,"fontSize":14,"textHeight":14,"isBold":false,"isItalic":false,"textAlign":"center","labelsPosition":1},{"x":810,"y":760,"text":"is_cyclic","width":100,"height":40,"type":"Условие","isMenuBlock":false,"fontSize":14,"textHeight":14,"isBold":false,"isItalic":false,"textAlign":"center","labelsPosition":1},{"x":590,"y":420,"text":"n += 1","width":100,"height":40,"type":"Блок","isMenuBlock":false,"fontSize":14,"textHeight":14,"isBold":false,"isItalic":false,"textAlign":"center","labelsPosition":1},{"x":530,"y":520,"text":"конец","width":100,"height":30,"type":"Начало / конец","isMenuBlock":false,"fontSize":14,"textHeight":14,"isBold":false,"isItalic":false,"textAlign":"center","labelsPosition":1},{"x":1160,"y":820,"text":"is_cyclic = False","width":140,"height":40,"type":"Блок","isMenuBlock":false,"fontSize":14,"textHeight":14,"isBold":false,"isItalic":false,"textAlign":"center","labelsPosition":1}],"arrows":[{"startIndex":0,"endIndex":1,"startConnectorIndex":2,"endConnectorIndex":0,"nodes":[{"x":700,"y":115},{"x":700,"y":140},{"x":700,"y":160}],"counts":[1,1,1]},{"startIndex":1,"endIndex":2,"startConnectorIndex":2,"endConnectorIndex":0,"nodes":[{"x":700,"y":200},{"x":700,"y":230},{"x":700,"y":250}],"counts":[1,1,1]},{"startIndex":2,"endIndex":14,"startConnectorIndex":3,"endConnectorIndex":0,"nodes":[{"x":650,"y":270},{"x":530,"y":270},{"x":530,"y":490},{"x":530,"y":505}],"counts":[1,1,1,1]},{"startIndex":2,"endIndex":3,"startConnectorIndex":1,"endConnectorIndex":0,"nodes":[{"x":750,"y":270},{"x":810,"y":270},{"x":810,"y":290},{"x":810,"y":310}],"counts":[1,1,1,1]},{"startIndex":3,"endIndex":5,"startConnectorIndex":2,"endConnectorIndex":0,"nodes":[{"x":810,"y":350},{"x":810,"y":370},{"x":810,"y":390}],"counts":[1,1,1]},{"startIndex":5,"endIndex":4,"startConnectorIndex":1,"endConnectorIndex":0,"nodes":[{"x":860,"y":410},{"x":910,"y":410},{"x":910,"y":460},{"x":910,"y":480}],"counts":[1,1,1,1]},{"startIndex":4,"endIndex":9,"startConnectorIndex":2,"endConnectorIndex":0,"nodes":[{"x":910,"y":560},{"x":910,"y":580},{"x":910,"y":600}],"counts":[1,1,1]},{"startIndex":9,"endIndex":10,"startConnectorIndex":1,"endConnectorIndex":0,"nodes":[{"x":960,"y":620},{"x":1040,"y":620},{"x":1040,"y":720},{"x":1040,"y":740}],"counts":[1,1,1,1]},{"startIndex":10,"endIndex":15,"startConnectorIndex":1,"endConnectorIndex":0,"nodes":[{"x":1140,"y":760},{"x":1160,"y":760},{"x":1160,"y":780},{"x":1160,"y":800}],"counts":[1,1,1,1]},{"startIndex":5,"endIndex":8,"startConnectorIndex":3,"endConnectorIndex":0,"nodes":[{"x":760,"y":410},{"x":670,"y":410},{"x":670,"y":600},{"x":670,"y":620}],"counts":[1,1,1,1]},{"startIndex":9,"endIndex":12,"startConnectorIndex":3,"endConnectorIndex":0,"nodes":[{"x":860,"y":620},{"x":810,"y":620},{"x":810,"y":720},{"x":810,"y":740}],"counts":[1,1,1,1]},{"startIndex":15,"endIndex":12,"startConnectorIndex":3,"endConnectorIndex":2,"nodes":[{"x":1090,"y":820},{"x":810,"y":820},{"x":810,"y":800},{"x":810,"y":780}],"counts":[1,1,1,1]},{"startIndex":12,"endIndex":6,"startConnectorIndex":1,"endConnectorIndex":0,"nodes":[{"x":860,"y":760},{"x":900,"y":760},{"x":900,"y":830},{"x":900,"y":850}],"counts":[1,1,1,1]},{"startIndex":7,"endIndex":5,"startConnectorIndex":0,"endConnectorIndex":2,"nodes":[{"x":770,"y":500},{"x":770,"y":450},{"x":810,"y":450},{"x":810,"y":430}],"counts":[1,1,1,1]},{"startIndex":10,"endIndex":11,"startConnectorIndex":3,"endConnectorIndex":2,"nodes":[{"x":940,"y":760},{"x":910,"y":760},{"x":910,"y":730},{"x":910,"y":710}],"counts":[1,1,1,1]},{"startIndex":11,"endIndex":9,"startConnectorIndex":0,"endConnectorIndex":2,"nodes":[{"x":910,"y":670},{"x":910,"y":660},{"x":910,"y":640}],"counts":[1,1,1]},{"startIndex":8,"endIndex":13,"startConnectorIndex":2,"endConnectorIndex":2,"nodes":[{"x":670,"y":660},{"x":670,"y":680},{"x":590,"y":680},{"x":590,"y":460},{"x":590,"y":440}],"counts":[1,1,1,1,1]},{"startIndex":13,"endIndex":2,"startConnectorIndex":0,"endConnectorIndex":2,"nodes":[{"x":590,"y":400},{"x":590,"y":310},{"x":700,"y":310},{"x":700,"y":290}],"counts":[1,1,1,1]},{"startIndex":6,"endIndex":7,"startConnectorIndex":2,"endConnectorIndex":2,"nodes":[{"x":900,"y":890},{"x":900,"y":910},{"x":740,"y":910},{"x":740,"y":560},{"x":770,"y":560},{"x":770,"y":540}],"counts":[1,1,1,1,1,1]},{"startIndex":12,"endIndex":7,"startConnectorIndex":3,"endConnectorIndex":2,"nodes":[{"x":760,"y":760},{"x":740,"y":760},{"x":740,"y":560},{"x":770,"y":560},{"x":770,"y":540}],"counts":[1,1,1,1,1]}],"x0":0,"y0":-50}